job_site_id,job_site_code,job_site_name,project_id,weather_location_code,job_site_description
1,SITE-001,Job Site 001,1,TX-UNKNOWN,Operational work site 001
2,SITE-002,Job Site 002,2,TX-HOU,Operational work site 002
3,SITE-003,Job Site 003,3,TX-AUS,Operational work site 003
4,SITE-004,Job Site 004,4,TX-DAL,Operational work site 004
5,SITE-005,Job Site 005,5,TX-HOU,Operational work site 005
6,SITE-006,Job Site 006,6,TX-AUS,Operational work site 006
7,SITE-007,Job Site 007,7,TX-DAL,Operational work site 007
8,SITE-008,Job Site 008,8,TX-HOU,Operational work site 008
9,SITE-009,Job Site 009,9,TX-AUS,Operational work site 009
10,SITE-010,Job Site 010,10,TX-DAL,Operational work site 010
11,SITE-011,Job Site 011,11,TX-HOU,Operational work site 011
12,SITE-012,Job Site 012,12,TX-AUS,Operational work site 012
13,SITE-013,Job Site 013,13,TX-DAL,Operational work site 013
14,SITE-014,Job Site 014,14,TX-HOU,Operational work site 014
15,SITE-015,Job Site 015,15,TX-AUS,Operational work site 015
16,SITE-016,Job Site 016,16,TX-DAL,Operational work site 016
17,SITE-017,Job Site 017,17,TX-HOU,Operational work site 017
18,SITE-018,Job Site 018,18,TX-AUS,Operational work site 018
19,SITE-019,Job Site 019,19,TX-DAL,Operational work site 019
20,SITE-020,Job Site 020,20,TX-HOU,Operational work site 020
21,SITE-021,Job Site 021,21,TX-AUS,Operational work site 021
22,SITE-022,Job Site 022,22,TX-DAL,Operational work site 022
23,SITE-023,Job Site 023,23,TX-HOU,Operational work site 023
24,SITE-024,Job Site 024,24,TX-AUS,Operational work site 024
25,SITE-025,Job Site 025,25,TX-DAL,Operational work site 025
26,SITE-026,Job Site 026,26,TX-HOU,Operational work site 026
27,SITE-027,Job Site 027,27,TX-AUS,Operational work site 027
28,SITE-028,Job Site 028,28,TX-DAL,Operational work site 028
29,SITE-029,Job Site 029,29,TX-HOU,Operational work site 029
30,SITE-030,Job Site 030,30,TX-AUS,Operational work site 030
31,SITE-031,Job Site 031,31,TX-DAL,Operational work site 031
32,SITE-032,Job Site 032,32,TX-HOU,Operational work site 032
33,SITE-033,Job Site 033,33,TX-AUS,Operational work site 033
34,SITE-034,Job Site 034,34,TX-DAL,Operational work site 034
35,SITE-035,Job Site 035,35,TX-HOU,Operational work site 035
36,SITE-036,Job Site 036,36,TX-AUS,Operational work site 036
37,SITE-037,Job Site 037,37,TX-DAL,Operational work site 037
38,SITE-038,Job Site 038,38,TX-HOU,Operational work site 038
39,SITE-039,Job Site 039,39,TX-AUS,Operational work site 039
40,SITE-040,Job Site 040,40,TX-DAL,Operational work site 040
41,SITE-041,Job Site 041,41,TX-HOU,Operational work site 041
42,SITE-042,Job Site 042,42,TX-AUS,Operational work site 042
43,SITE-043,Job Site 043,43,TX-DAL,Operational work site 043
44,SITE-044,Job Site 044,44,TX-HOU,Operational work site 044
45,SITE-045,Job Site 045,45,TX-AUS,Operational work site 045
46,SITE-046,Job Site 046,46,TX-DAL,Operational work site 046
47,SITE-047,Job Site 047,47,TX-HOU,Operational work site 047
48,SITE-048,Job Site 048,48,TX-AUS,Operational work site 048
49,SITE-049,Job Site 049,49,TX-DAL,Operational work site 049
50,SITE-050,Job Site 050,50,TX-HOU,Operational work site 050
51,SITE-051,Job Site 051,51,TX-AUS,Operational work site 051
52,SITE-052,Job Site 052,52,TX-DAL,Operational work site 052
53,SITE-053,Job Site 053,53,TX-HOU,Operational work site 053
54,SITE-054,Job Site 054,54,TX-AUS,Operational work site 054
55,SITE-055,Job Site 055,55,TX-DAL,Operational work site 055
56,SITE-056,Job Site 056,56,TX-HOU,Operational work site 056
57,SITE-057,Job Site 057,57,TX-AUS,Operational work site 057
58,SITE-058,Job Site 058,58,TX-DAL,Operational work site 058
59,SITE-059,Job Site 059,59,TX-HOU,Operational work site 059
60,SITE-060,Job Site 060,60,TX-AUS,Operational work site 060
61,SITE-061,Job Site 061,61,TX-DAL,Operational work site 061
62,SITE-062,Job Site 062,62,TX-HOU,Operational work site 062
63,SITE-063,Job Site 063,63,TX-AUS,Operational work site 063
64,SITE-064,Job Site 064,64,TX-DAL,Operational work site 064
65,SITE-065,Job Site 065,65,TX-HOU,Operational work site 065
66,SITE-066,Job Site 066,66,TX-AUS,Operational work site 066
67,SITE-067,Job Site 067,67,TX-DAL,Operational work site 067
68,SITE-068,Job Site 068,68,TX-HOU,Operational work site 068
69,SITE-069,Job Site 069,69,TX-AUS,Operational work site 069
70,SITE-070,Job Site 070,70,TX-DAL,Operational work site 070
71,SITE-071,Job Site 071,71,TX-HOU,Operational work site 071
72,SITE-072,Job Site 072,72,TX-AUS,Operational work site 072
73,SITE-073,Job Site 073,73,TX-DAL,Operational work site 073
74,SITE-074,Job Site 074,74,TX-HOU,Operational work site 074
75,SITE-075,Job Site 075,75,TX-AUS,Operational work site 075
76,SITE-076,Job Site 076,1,TX-DAL,Operational work site 076
77,SITE-077,Job Site 077,2,TX-HOU,Operational work site 077
78,SITE-078,Job Site 078,3,TX-AUS,Operational work site 078
79,SITE-079,Job Site 079,4,TX-DAL,Operational work site 079
80,SITE-080,Job Site 080,5,TX-HOU,Operational work site 080
81,SITE-081,Job Site 081,6,TX-AUS,Operational work site 081
82,SITE-082,Job Site 082,7,TX-DAL,Operational work site 082
83,SITE-083,Job Site 083,8,TX-HOU,Operational work site 083
84,SITE-084,Job Site 084,9,TX-AUS,Operational work site 084
85,SITE-085,Job Site 085,10,TX-DAL,Operational work site 085
86,SITE-086,Job Site 086,11,TX-HOU,Operational work site 086
87,SITE-087,Job Site 087,12,TX-AUS,Operational work site 087
88,SITE-088,Job Site 088,13,TX-DAL,Operational work site 088
89,SITE-089,Job Site 089,14,TX-HOU,Operational work site 089
90,SITE-090,Job Site 090,15,TX-AUS,Operational work site 090
91,SITE-091,Job Site 091,16,TX-DAL,Operational work site 091
92,SITE-092,Job Site 092,17,TX-HOU,Operational work site 092
93,SITE-093,Job Site 093,18,TX-AUS,Operational work site 093
94,SITE-094,Job Site 094,19,TX-DAL,Operational work site 094
95,SITE-095,Job Site 095,20,TX-HOU,Operational work site 095
96,SITE-096,Job Site 096,21,TX-AUS,Operational work site 096
97,SITE-097,Job Site 097,22,TX-DAL,Operational work site 097
98,SITE-098,Job Site 098,23,TX-HOU,Operational work site 098
99,SITE-099,Job Site 099,24,TX-AUS,Operational work site 099
100,SITE-100,Job Site 100,25,TX-DAL,Operational work site 100
101,SITE-101,Job Site 101,26,TX-HOU,Operational work site 101
102,SITE-102,Job Site 102,27,TX-AUS,Operational work site 102
103,SITE-103,Job Site 103,28,TX-DAL,Operational work site 103
104,SITE-104,Job Site 104,29,TX-HOU,Operational work site 104
105,SITE-105,Job Site 105,30,TX-AUS,Operational work site 105
106,SITE-106,Job Site 106,31,TX-DAL,Operational work site 106
107,SITE-107,Job Site 107,32,TX-HOU,Operational work site 107
108,SITE-108,Job Site 108,33,TX-AUS,Operational work site 108
109,SITE-109,Job Site 109,34,TX-DAL,Operational work site 109
110,SITE-110,Job Site 110,35,TX-HOU,Operational work site 110
111,SITE-111,Job Site 111,36,TX-AUS,Operational work site 111
112,SITE-112,Job Site 112,37,TX-DAL,Operational work site 112
113,SITE-113,Job Site 113,38,TX-HOU,Operational work site 113
114,SITE-114,Job Site 114,39,TX-AUS,Operational work site 114
115,SITE-115,Job Site 115,40,TX-DAL,Operational work site 115
116,SITE-116,Job Site 116,41,TX-HOU,Operational work site 116
117,SITE-117,Job Site 117,42,TX-AUS,Operational work site 117
118,SITE-118,Job Site 118,43,TX-DAL,Operational work site 118
119,SITE-119,Job Site 119,44,TX-HOU,Operational work site 119
120,SITE-120,Job Site 120,45,TX-AUS,Operational work site 120
